1690263827,50.0061,-139.3878,05:43:47,ocean
1690263847,49.6547,-137.5380,05:44:07,ocean
1690263868,49.2616,-135.6719,05:44:28,ocean
1690263888,48.8468,-133.8822,05:44:48,ocean
1690263908,48.3906,-132.0809,05:45:08,ocean
1690263929,47.9041,-130.3142,05:45:29,ocean
1690263949,47.4013,-128.6250,05:45:49,ocean
1690263969,46.8581,-126.9292,05:46:09,ocean
1690263990,46.2878,-125.2703,05:46:30,ocean
1690264011,45.6915,-123.6479,05:46:51,Oregon
1690264031,45.0857,-122.1009,05:47:11,Oregon
1690264052,44.4251,-120.5139,05:47:32,Oregon
1690264072,43.7738,-119.0380,05:47:52,Oregon
1690264092,43.0845,-117.5605,05:48:12,Oregon
1690264113,42.3569,-116.0838,05:48:33,Idaho
1690264133,41.6446,-114.7110,05:48:53,Nevada
1690264154,40.8957,-113.3374,05:49:14,Utah
1690264174,40.1478,-112.0294,05:49:34,Utah
1690264194,39.3642,-110.7203,05:49:54,Utah
1690264214,38.5839,-109.4732,05:50:14,Utah
1690264235,37.7690,-108.2252,05:50:35,Colorado
1690264255,36.9393,-107.0066,05:50:55,New Mexico
1690264275,36.1164,-105.8450,05:51:15,New Mexico
1690264296,35.2599,-104.6815,05:51:36,New Mexico
1690264316,34.3908,-103.5443,05:51:56,New Mexico
1690264337,33.5314,-102.4594,05:52:17,Texas
1690264357,32.6393,-101.3713,05:52:37,Texas
1690264378,31.7365,-100.3066,05:52:58,Texas
1690264398,30.8460,-99.2895,05:53:18,Texas
1690264418,29.9239,-98.2682,05:53:38,Texas
1690264438,29.0154,-97.2915,05:53:58,Texas
1690264459,28.0757,-96.3096,05:54:19,ocean
1690264479,27.1511,-95.3698,05:54:39,ocean
1690264499,26.1958,-94.4239,05:54:59,ocean
1690264520,25.2333,-93.4949,05:55:20,ocean
1690264540,24.2878,-92.6041,05:55:40,ocean
1690264560,23.3122,-91.7061,05:56:00,ocean
1690264580,22.3547,-90.8439,05:56:20,ocean
1690264601,21.3676,-89.9736,05:56:41,México
1690264621,20.3994,-89.1368,05:57:01,México
1690264641,19.4021,-88.2912,05:57:21,México
1690264662,18.4001,-87.4571,05:57:42,ocean
1690264682,17.4185,-86.6537,05:58:02,ocean
1690264703,16.4083,-85.8400,05:58:23,Honduras
1690264723,15.4191,-85.0553,05:58:43,Honduras
1690264743,14.4016,-84.2594,05:59:03,Nicaragua
1690264763,13.4059,-83.4907,05:59:23,Nicaragua
1690264784,12.3825,-82.7103,05:59:44,ocean
1690264804,11.3562,-81.9365,06:00:04,ocean
1690264825,10.3277,-81.1691,06:00:25,ocean
1690264845,9.3221,-80.4257,06:00:45,Panamá
1690264865,8.2893,-79.6688,06:01:05,Panamá
1690264885,7.2801,-78.9345,06:01:25,Panamá
1690264906,6.2442,-78.1858,06:01:46,ocean
1690264926,5.2323,-77.4586,06:02:06,Colombia
1690264946,4.1942,-76.7159,06:02:26,Colombia
1690264967,3.1551,-75.9755,06:02:47,Colombia
1690264987,2.1407,-75.2547,06:03:07,Colombia
1690265007,1.1007,-74.5171,06:03:27,Colombia
1690265028,0.0859,-73.7980,06:03:48,Colombia
1690265048,-0.9543,-73.0611,06:04:08,Colombia
1690265069,-1.9943,-72.3237,06:04:29,Colombia
1690265089,-3.0084,-71.6033,06:04:49,Perú
1690265109,-4.0473,-70.8634,06:05:09,Perú
1690265130,-5.0852,-70.1214,06:05:30,Brasil
1690265150,-6.1220,-69.3768,06:05:50,Brasil
1690265171,-7.1575,-68.6289,06:06:11,Brasil
1690265191,-8.1915,-67.8773,06:06:31,Brasil
1690265212,-9.2236,-67.1214,06:06:52,Brasil
1690265232,-10.2538,-66.3606,06:07:12,Bolivia
1690265253,-11.2816,-65.5943,06:07:33,Bolivia
1690265273,-12.3071,-64.8218,06:07:53,Bolivia
1690265293,-13.3049,-64.0617,06:08:13,Bolivia
1690265314,-14.3247,-63.2755,06:08:34,Bolivia
1690265334,-15.3164,-62.5008,06:08:54,Bolivia
1690265355,-16.3295,-61.6982,06:09:15,Bolivia
1690265375,-17.3387,-60.8865,06:09:35,Bolivia
1690265395,-18.3193,-60.0851,06:09:55,Bolivia
1690265416,-19.3203,-59.2531,06:10:16,Paraguay / Paraguái
1690265436,-20.2924,-58.4305,06:10:36,Paraguay / Paraguái
1690265456,-21.2836,-57.5757,06:10:56,Brasil
1690265477,-22.2696,-56.7080,06:11:17,Paraguay / Paraguái
1690265497,-23.2259,-55.8487,06:11:37,Paraguay / Paraguái
1690265517,-24.2002,-54.9538,06:11:57,Paraguay / Paraguái
1690265538,-25.1680,-54.0439,06:12:18,Brasil
1690265558,-26.1056,-53.1409,06:12:38,Brasil
1690265578,-27.0597,-52.1988,06:12:58,Brasil
1690265598,-27.9831,-51.2627,06:13:18,Brasil
1690265619,-28.9215,-50.2851,06:13:39,Brasil
1690265639,-29.8514,-49.2882,06:13:59,ocean
1690265659,-30.7500,-48.2960,06:14:19,ocean
1690265680,-31.6616,-47.2581,06:14:40,ocean
1690265700,-32.5411,-46.2244,06:15:00,ocean
1690265721,-33.4321,-45.1420,06:15:21,ocean
1690265741,-34.2905,-44.0627,06:15:41,ocean
1690265761,-35.1588,-42.9317,06:16:01,ocean
1690265781,-35.9939,-41.8033,06:16:21,ocean
1690265802,-36.8368,-40.6198,06:16:42,ocean
1690265822,-37.6459,-39.4383,06:17:02,ocean
1690265842,-38.4607,-38.1987,06:17:22,ocean
1690265863,-39.2602,-36.9290,06:17:43,ocean
1690265883,-40.0248,-35.6604,06:18:03,ocean
1690265903,-40.7917,-34.3286,06:18:23,ocean
1690265923,-41.5227,-32.9979,06:18:43,ocean
1690265944,-42.2535,-31.6008,06:19:04,ocean
1690265964,-42.9477,-30.2048,06:19:24,ocean
1690265984,-43.6389,-28.7392,06:19:44,ocean
1690266004,-44.2926,-27.2751,06:20:04,ocean
1690266025,-44.9403,-25.7389,06:20:25,ocean
1690266045,-45.5496,-24.2053,06:20:45,ocean
1690266066,-46.1499,-22.5971,06:21:06,ocean
1690266086,-46.7109,-20.9931,06:21:26,ocean
1690266106,-47.2597,-19.3125,06:21:46,ocean
1690266127,-47.7806,-17.5962,06:22:07,ocean
1690266147,-48.2610,-15.8878,06:22:27,ocean
1690266167,-48.7240,-14.1025,06:22:47,ocean
1690266187,-49.1459,-12.3282,06:23:07,ocean
1690266208,-49.5468,-10.4779,06:23:28,ocean
1690266228,-49.9063,-8.6430,06:23:48,ocean
1690266248,-50.2414,-6.7337,06:24:08,ocean
1690266269,-50.5419,-4.7975,06:24:29,ocean
1690266289,-50.8008,-2.8850,06:24:49,ocean
1690266309,-51.0305,-0.9031,06:25:09,ocean
1690266330,-51.2233,1.0987,06:25:30,ocean
1690266350,-51.3753,3.0668,06:25:50,ocean
1690266371,-51.4961,5.1456,06:26:11,ocean
1690266392,-51.5752,7.1839,06:26:32,ocean
1690266412,-51.6153,9.1779,06:26:52,ocean
1690266432,-51.6183,11.2236,06:27:12,ocean
1690266453,-51.5813,13.3178,06:27:33,ocean
1690266473,-51.5085,15.3070,06:27:53,ocean
1690266494,-51.3960,17.3373,06:28:14,ocean
1690266514,-51.2497,19.3066,06:28:34,ocean
1690266534,-51.0627,21.3098,06:28:54,ocean
1690266554,-50.8447,23.2464,06:29:14,ocean
1690266575,-50.5853,25.2103,06:29:35,ocean
1690266595,-50.2903,27.1504,06:29:55,ocean
1690266615,-49.9689,29.0178,06:30:15,ocean
1690266636,-49.6060,30.9039,06:30:36,ocean
1690266656,-49.2201,32.7144,06:30:56,ocean
1690266677,-48.7928,34.5386,06:31:17,ocean
1690266697,-48.3461,36.2860,06:31:37,ocean
1690266717,-47.8586,38.0429,06:31:57,ocean
1690266737,-47.3550,39.7231,06:32:17,ocean
1690266758,-46.8113,41.4096,06:32:38,ocean
1690266778,-46.2407,43.0598,06:32:58,ocean
1690266798,-45.6591,44.6347,06:33:18,ocean
1690266819,-45.0386,46.2129,06:33:39,ocean
1690266839,-44.3945,47.7546,06:33:59,ocean
1690266859,-43.7442,49.2240,06:34:19,ocean
1690266880,-43.0562,50.6951,06:34:40,ocean
1690266900,-42.3650,52.0966,06:35:00,ocean
1690266920,-41.6371,53.4991,06:35:20,ocean
1690266940,-40.9088,54.8349,06:35:40,ocean
1690266961,-40.1446,56.1716,06:36:01,ocean
1690266981,-39.3826,57.4449,06:36:21,ocean
1690267001,-38.5854,58.7194,06:36:41,ocean
1690267022,-37.7728,59.9639,06:37:02,ocean
1690267042,-36.9659,61.1497,06:37:22,ocean
1690267063,-36.1251,62.3373,06:37:43,ocean
1690267083,-35.2921,63.4696,06:38:03,ocean
1690267103,-34.4258,64.6045,06:38:23,ocean
1690267123,-33.5691,65.6874,06:38:43,ocean
1690267144,-32.6798,66.7735,06:39:04,ocean
1690267164,-31.7798,67.8363,06:39:24,ocean
1690267184,-30.8920,68.8518,06:39:44,ocean
1690267205,-29.9724,69.8716,06:40:05,ocean
1690267225,-29.0664,70.8470,06:40:25,ocean
1690267245,-28.1293,71.8275,06:40:45,ocean
1690267265,-27.2072,72.7662,06:41:05,ocean
1690267286,-26.2543,73.7109,06:41:26,ocean
1690267306,-25.3178,74.6164,06:41:46,ocean
1690267326,-24.3509,75.5287,06:42:06,ocean
1690267347,-23.3776,76.4259,06:42:27,ocean
1690267367,-22.4221,77.2874,06:42:47,ocean
1690267388,-21.4371,78.1570,06:43:08,ocean
1690267408,-20.4709,78.9930,06:43:28,ocean
1690267428,-19.4752,79.8383,06:43:48,ocean
1690267448,-18.4994,80.6517,06:44:08,ocean
1690267469,-17.4949,81.4750,06:44:29,ocean
1690267489,-16.4862,82.2883,06:44:49,ocean
1690267509,-15.4985,83.0727,06:45:09,ocean
1690267530,-14.4825,83.8682,06:45:30,ocean
1690267550,-13.4632,84.6556,06:45:50,ocean
1690267571,-12.4410,85.4356,06:46:11,ocean
1690267591,-11.4159,86.2089,06:46:31,ocean
1690267612,-10.3883,86.9760,06:46:52,ocean
1690267632,-9.3583,87.7376,06:47:12,ocean
1690267653,-8.3264,88.4941,06:47:33,ocean
1690267673,-7.2926,89.2463,06:47:53,ocean
1690267694,-6.2825,89.9764,06:48:14,ocean
1690267714,-5.2457,90.7216,06:48:34,ocean
1690267735,-4.2079,91.4640,06:48:55,ocean
1690267755,-3.1944,92.1863,06:49:15,ocean
1690267775,-2.1551,92.9249,06:49:35,ocean
1690267795,-1.1405,93.6445,06:49:55,ocean
1690267816,-0.1002,94.3815,06:50:16,ocean
1690267836,0.9147,95.1005,06:50:36,ocean
1690267856,1.9547,95.8380,06:50:56,ocean
1690267877,2.9945,96.5765,06:51:17,Indonesia
1690267897,4.0082,97.2986,06:51:37,Indonesia
1690267917,5.0466,98.0408,06:51:57,Indonesia
1690267937,6.0586,98.7675,06:52:17,ocean
1690267958,7.0947,99.5155,06:52:38,ประเทศไทย
1690267978,8.1295,100.2675,06:52:58,ประเทศไทย
1690268060,12.1993,103.2869,06:54:20,ព្រះរាជាណាចក្រ​កម្ពុជា
1690268080,13.2233,104.0661,06:54:40,ព្រះរាជាណាចក្រ​កម្ពុជា
1690268100,14.2196,104.8334,06:55:00,ព្រះរាជាណាចក្រ​កម្ពុជា
1690268121,15.2377,105.6279,06:55:21,ປະເທດລາວ
1690268141,16.2521,106.4307,06:55:41,ປະເທດລາວ
1690268161,17.2384,107.2230,06:56:01,Việt Nam
1690268182,18.2454,108.0449,06:56:22,ocean
1690268202,19.2481,108.8774,06:56:42,中国
1690268222,20.2219,109.7005,06:57:02,ocean
1690268243,21.2152,110.5561,06:57:23,中国
1690268263,22.1792,111.4031,06:57:43,中国
1690268283,23.1617,112.2846,06:58:03,中国
1690268304,24.1382,113.1804,06:58:24,中国
1690268324,25.0848,114.0689,06:58:44,中国
1690268344,26.0484,114.9954,06:59:04,中国
1690268365,27.0048,115.9386,06:59:25,中国
1690268385,27.9305,116.8758,06:59:45,中国
1690268406,28.8715,117.8547,07:00:06,中国
1690268426,29.7813,118.8284,07:00:26,中国
1690268446,30.7050,119.8466,07:00:46,中国
1690268467,31.6191,120.8860,07:01:07,中国
1690268487,32.5013,121.9216,07:01:27,中国
1690268507,33.3950,123.0059,07:01:47,ocean
1690268528,34.2775,124.1144,07:02:08,ocean
1690268548,35.1270,125.2203,07:02:28,ocean
1690268568,35.9855,126.3796,07:02:48,대한민국
1690268589,36.8308,127.5661,07:03:09,대한민국
1690268609,37.6422,128.7510,07:03:29,대한민국
1690268629,38.4594,129.9944,07:03:49,ocean
1690268650,39.2613,131.2681,07:04:10,ocean
1690268670,40.0470,132.5729,07:04:30,ocean
1690268690,40.7970,133.8768,07:04:50,ocean
1690268711,41.5483,135.2460,07:05:11,ocean
1690268732,42.2808,136.6490,07:05:32,ocean
1690268752,42.9935,138.0866,07:05:52,ocean
1690268773,43.6855,139.5595,07:06:13,ocean
1690268793,44.3558,141.0680,07:06:33,日本
1690268814,45.0034,142.6130,07:06:54,日本
1690268834,45.6123,144.1557,07:07:14,ocean
1690268854,46.2119,145.7731,07:07:34,ocean
1690268875,46.7856,147.4273,07:07:55,ocean
1690268895,47.3194,149.0766,07:08:15,ocean
1690268915,47.8388,150.8029,07:08:35,ocean
1690268935,48.3175,152.5214,07:08:55,ocean
1690268956,48.7784,154.3175,07:09:16,Россия
1690268976,49.1980,156.1021,07:09:36,ocean
1690268996,49.5962,157.9633,07:09:56,ocean
1690269016,49.9527,159.8089,07:10:16,ocean
1690269037,50.2844,161.7291,07:10:37,ocean
1690269057,50.5810,163.6759,07:10:57,ocean
1690269078,50.8359,165.5985,07:11:18,ocean
1690269098,51.0610,167.5906,07:11:38,ocean
1690269118,51.2448,169.5519,07:11:58,ocean
1690269139,51.3958,171.5776,07:12:19,ocean
1690269159,51.5064,173.5659,07:12:39,ocean
1690269179,51.5816,175.6125,07:12:59,ocean
1690269200,51.6180,177.6645,07:13:20,ocean
1690269220,51.6161,179.6677,07:13:40,ocean
1690269240,51.5757,-178.2807,07:14:00,Alaska
1690269260,51.4989,-176.2843,07:14:20,ocean
1690269281,51.3821,-174.2475,07:14:41,ocean
1690269301,51.2314,-172.2723,07:15:01,ocean
1690269321,51.0396,-170.2633,07:15:21,ocean
1690269342,50.8107,-168.2732,07:15:42,ocean
1690269362,50.5522,-166.3528,07:16:02,ocean
1690269382,50.2519,-164.4087,07:16:22,ocean
1690269403,49.9253,-162.5380,07:16:43,ocean
1690269423,49.5569,-160.6490,07:17:03,ocean
1690269443,49.1655,-158.8360,07:17:23,ocean
1690269464,48.7326,-157.0098,07:17:44,ocean
1690269484,48.2803,-155.2607,07:18:04,ocean
1690269504,47.7869,-153.5023,07:18:24,ocean
1690269525,47.2645,-151.7796,07:18:45,ocean
1690269545,46.7280,-150.1339,07:19:05,ocean
1690269565,46.1515,-148.4833,07:19:25,ocean
1690269585,45.5643,-146.9086,07:19:45,ocean
1690269606,44.9380,-145.3309,07:20:06,ocean
1690269626,44.3042,-143.8268,07:20:26,ocean
1690269646,43.6321,-142.3209,07:20:46,ocean
1690269667,42.9384,-140.8509,07:21:07,ocean
1690269687,42.2418,-139.4507,07:21:27,ocean
1690269707,41.5084,-138.0495,07:21:47,ocean
1690269727,40.7747,-136.7151,07:22:07,ocean
1690269748,40.0051,-135.3798,07:22:28,ocean
1690269768,39.2379,-134.1081,07:22:48,ocean
1690269789,38.4355,-132.8354,07:23:09,ocean
1690269809,37.6179,-131.5928,07:23:29,ocean
1690269829,36.8061,-130.4088,07:23:49,ocean
1690269850,35.9604,-129.2231,07:24:10,ocean
1690269870,35.1015,-128.0644,07:24:30,ocean
1690269891,34.2301,-126.9320,07:24:51,ocean
1690269911,33.3469,-125.8246,07:25:11,ocean
1690269932,32.4526,-124.7415,07:25:32,ocean
1690269952,31.5478,-123.6817,07:25:52,ocean
1690269973,30.6329,-122.6440,07:26:13,ocean
1690269993,29.7085,-121.6275,07:26:33,ocean
1690270013,28.7980,-120.6552,07:26:53,ocean
1690270034,27.8564,-119.6778,07:27:14,ocean
1690270054,26.9301,-118.7420,07:27:34,ocean
1690270074,25.9731,-117.8002,07:27:54,ocean
1690270095,25.0326,-116.8974,07:28:15,ocean
1690270115,24.0620,-115.9878,07:28:35,ocean
1690270136,23.0849,-115.0930,07:28:56,ocean
1690270156,22.1262,-114.2341,07:29:16,ocean
1690270176,21.1378,-113.3668,07:29:36,ocean
1690270196,20.1685,-112.5330,07:29:56,ocean
1690270217,19.1700,-111.6901,07:30:17,ocean
1690270237,18.1915,-110.8786,07:30:37,ocean
1690270257,17.1844,-110.0573,07:30:57,ocean
1690270278,16.1732,-109.2459,07:31:18,ocean
1690270298,15.1832,-108.4631,07:31:38,ocean
1690270318,14.1650,-107.6692,07:31:58,ocean
1690270338,13.1687,-106.9024,07:32:18,ocean
1690270359,12.1446,-106.1235,07:32:39,ocean
1690270379,11.1177,-105.3512,07:32:59,ocean
1690270399,10.1137,-104.6037,07:33:19,ocean
1690270420,9.0825,-103.8429,07:33:40,ocean
1690270440,8.0746,-103.1055,07:34:00,ocean
1690270461,7.0399,-102.3538,07:34:21,ocean
1690270481,6.0289,-101.6241,07:34:41,ocean
1690270501,4.9915,-100.8794,07:35:01,ocean
1690270521,3.9784,-100.1553,07:35:21,ocean
1690270542,2.9391,-99.4152,07:35:42,ocean
1690270562,1.8994,-98.6768,07:36:02,ocean
1690270582,0.8847,-97.9573,07:36:22,ocean
1690270603,-0.1556,-97.2204,07:36:43,ocean
1690270623,-1.1704,-96.5013,07:37:03,ocean
1690270643,-2.2103,-95.7638,07:37:23,ocean
1690270663,-3.2243,-95.0431,07:37:43,ocean
1690270684,-4.2630,-94.3028,07:38:04,ocean
1690270704,-5.3007,-93.5603,07:38:24,ocean
1690270724,-6.3121,-92.8331,07:38:44,ocean
1690270745,-7.3475,-92.0846,07:39:05,ocean
1690270765,-8.3560,-91.3505,07:39:25,ocean
1690270786,-9.3879,-90.5938,07:39:46,ocean
1690270806,-10.3927,-89.8508,07:40:06,ocean
1690270826,-11.4203,-89.0837,07:40:26,ocean
1690270847,-12.4454,-88.3104,07:40:47,ocean
1690270867,-13.4428,-87.5494,07:41:07,ocean
1690270887,-14.4621,-86.7621,07:41:27,ocean
1690270907,-15.4536,-85.9862,07:41:47,ocean
1690270928,-16.4661,-85.1824,07:42:08,ocean
1690270948,-17.4748,-84.3694,07:42:28,ocean
1690270968,-18.4548,-83.5667,07:42:48,ocean
1690270989,-19.4550,-82.7333,07:43:09,ocean
1690271009,-20.4263,-81.9093,07:43:29,ocean
1690271029,-21.4168,-81.0528,07:43:49,ocean
1690271050,-22.4021,-80.1834,07:44:10,ocean
1690271070,-23.3816,-79.3005,07:44:30,ocean
1690271090,-24.3311,-78.4253,07:44:50,ocean
1690271111,-25.2982,-77.5132,07:45:11,ocean
1690271132,-26.2816,-76.5623,07:45:32,ocean
1690271152,-27.2110,-75.6404,07:45:52,ocean
1690271173,-28.1561,-74.6779,07:46:13,ocean
1690271193,-29.0930,-73.6969,07:46:33,ocean
1690271214,-30.0212,-72.6964,07:46:54,ocean
1690271234,-30.9180,-71.7006,07:47:14,Chile
1690271254,-31.8277,-70.6588,07:47:34,Chile
1690271275,-32.7272,-69.5946,07:47:55,Argentina
1690271295,-33.6159,-68.5073,07:48:15,Argentina
1690271315,-34.4720,-67.4231,07:48:35,Argentina
1690271336,-35.3376,-66.2869,07:48:56,Argentina
1690271356,-36.1700,-65.1531,07:49:16,Argentina
1690271376,-37.0102,-63.9640,07:49:36,Argentina
1690271397,-37.8363,-62.7466,07:49:57,Argentina
1690271417,-38.6281,-61.5307,07:50:17,Argentina
1690271437,-39.4244,-60.2546,07:50:37,ocean
1690271458,-40.1855,-58.9797,07:50:58,ocean
1690271478,-40.9489,-57.6410,07:51:18,ocean
1690271499,-41.6942,-56.2697,07:51:39,ocean
1690271519,-42.4031,-54.8994,07:51:59,ocean
1690271539,-43.1101,-53.4608,07:52:19,ocean
1690271559,-43.7800,-52.0234,07:52:39,ocean
1690271580,-44.4450,-50.5150,07:53:00,ocean
1690271600,-45.0720,-49.0086,07:53:20,ocean
1690271620,-45.6912,-47.4286,07:53:40,ocean
1690271640,-46.2714,-45.8520,07:54:00,ocean
1690271661,-46.8407,-44.1996,07:54:21,ocean
1690271681,-47.3830,-42.5111,07:54:41,ocean
1690271701,-47.8851,-40.8291,07:55:01,ocean
1690271722,-48.3711,-39.0702,07:55:22,ocean
1690271742,-48.8162,-37.3212,07:55:42,ocean
1690271762,-49.2417,-35.4954,07:56:02,ocean
1690271783,-49.6259,-33.6834,07:56:23,ocean
1690271803,-49.9871,-31.7961,07:56:43,ocean
1690271823,-50.3066,-29.9276,07:57:03,ocean
1690271844,-50.5998,-27.9862,07:57:24,ocean
1690271864,-50.8573,-26.0212,07:57:44,ocean
1690271884,-51.0734,-24.0836,07:58:04,ocean
1690271905,-51.2585,-22.0792,07:58:25,ocean
1690271925,-51.4028,-20.1092,07:58:45,ocean
1690271945,-51.5133,-18.0783,07:59:05,ocean
1690271965,-51.5842,-16.0888,07:59:25,ocean
1690271986,-51.6187,-14.0446,07:59:46,ocean
1690272006,-51.6153,-12.0488,08:00:06,ocean
1690272026,-51.5735,-10.0053,08:00:26,ocean
1690272047,-51.4934,-7.9674,08:00:47,ocean
1690272067,-51.3783,-5.9879,08:01:07,ocean
1690272087,-51.2229,-3.9714,08:01:27,ocean
1690272107,-51.0351,-2.0193,08:01:47,ocean
1690272128,-50.8063,-0.0371,08:02:08,ocean
1690272148,-50.5482,1.8758,08:02:28,ocean
1690272169,-50.2485,3.8125,08:02:49,ocean
1690272189,-49.9228,5.6761,08:03:09,ocean
1690272209,-49.5554,7.5581,08:03:29,ocean
1690272230,-49.1552,9.4092,08:03:50,ocean
1690272250,-48.7230,11.2282,08:04:10,ocean
1690272270,-48.2716,12.9705,08:04:30,ocean
1690272291,-47.7794,14.7222,08:04:51,ocean
1690272311,-47.2584,16.4383,08:05:11,ocean
1690272332,-46.7097,18.1184,08:05:32,ocean
1690272352,-46.1344,19.7618,08:05:52,ocean
1690272373,-45.5335,21.3690,08:06:13,ocean
1690272393,-44.9079,22.9399,08:06:33,ocean
1690272413,-44.2752,24.4370,08:06:53,ocean
1690272434,-43.6043,25.9363,08:07:14,ocean
1690272454,-42.9121,27.4000,08:07:34,ocean
1690272475,-42.2169,28.7944,08:07:55,ocean
1690272495,-41.4851,30.1899,08:08:15,ocean
1690272516,-40.7346,31.5518,08:08:36,ocean
1690272536,-39.9854,32.8490,08:08:56,ocean
1690272556,-39.2006,34.1476,08:09:16,ocean
1690272576,-38.4195,35.3845,08:09:36,ocean
1690272597,-37.6038,36.6228,08:09:57,ocean
1690272617,-36.7941,37.8029,08:10:17,ocean
1690272637,-35.9505,38.9849,08:10:37,ocean
1690272657,-35.1148,40.1119,08:10:57,ocean
1690272678,-34.2460,41.2416,08:11:18,ocean
1690272698,-33.3869,42.3196,08:11:38,ocean
1690272718,-32.4954,43.4008,08:11:58,ocean
1690272739,-31.5931,44.4592,08:12:19,ocean
1690272759,-30.7032,45.4703,08:12:39,ocean
1690272779,-29.7818,46.4858,08:12:59,ocean
1690272799,-28.8741,47.4571,08:13:19,ocean
1690272820,-27.9351,48.4339,08:13:40,ocean
1690272840,-27.0114,49.3690,08:14:00,ocean
1690272861,-26.0571,50.3102,08:14:21,ocean
1690272881,-25.0954,51.2348,08:14:41,ocean
1690272901,-24.1507,52.1216,08:15:01,ocean
1690272922,-23.1761,53.0158,08:15:22,ocean
1690272942,-22.2194,53.8745,08:15:42,ocean
1690272962,-21.2332,54.7414,08:16:02,ocean
1690272982,-20.2660,55.5750,08:16:22,ocean
1690273003,-19.2697,56.4175,08:16:43,ocean
1690273023,-18.2686,57.2488,08:17:03,ocean
1690273043,-17.2877,58.0497,08:17:23,ocean
1690273064,-16.2783,58.8610,08:17:44,ocean
1690273084,-15.2899,59.6435,08:18:04,ocean
1690273104,-14.2732,60.4373,08:18:24,ocean
1690273125,-13.2532,61.2232,08:18:45,ocean
1690273145,-12.2553,61.9829,08:19:05,ocean
1690273166,-11.2298,62.7550,08:19:26,ocean
1690273186,-10.2269,63.5025,08:19:46,ocean
1690273206,-9.1966,64.2632,08:20:06,ocean
1690273226,-8.1896,65.0006,08:20:26,ocean
1690273247,-7.1556,65.7522,08:20:47,ocean
1690273267,-6.1200,66.5001,08:21:07,ocean
1690273287,-5.1085,67.2266,08:21:27,ocean
1690273308,-4.0705,67.9687,08:21:48,ocean
1690273328,-3.0571,68.6907,08:22:08,ocean
1690273348,-2.0176,69.4291,08:22:28,ocean
1690273368,-1.0030,70.1485,08:22:48,ocean
1690273389,0.0372,70.8855,08:23:09,ocean
1690273409,1.0775,71.6226,08:23:29,ocean
1690273429,2.0922,72.3422,08:23:49,ocean
1690273450,3.1320,73.0810,08:24:10,ދިވެހިރާއްޖެ
1690273470,4.1710,73.8214,08:24:30,ދިވެހިރާއްޖެ
1690273491,5.2094,74.5641,08:24:51,ocean
1690273512,6.2466,75.3095,08:25:12,ocean
1690273532,7.2825,76.0583,08:25:32,ocean
1690273553,8.3421,76.8293,08:25:53,India
1690273573,9.3497,77.5680,08:26:13,India
1690273594,10.3804,78.3302,08:26:34,India
1690273614,11.4090,79.0980,08:26:54,India
1690273634,12.4100,79.8531,08:27:14,India
1690273655,13.4334,80.6338,08:27:35,India
1690273675,14.4538,81.4219,08:27:55,ocean
1690273695,15.4464,82.1987,08:28:15,ocean
1690273716,16.4602,83.0035,08:28:36,ocean
1690273736,17.4457,83.7978,08:28:56,ocean
1690273756,18.4519,84.6218,08:29:16,India
1690273777,19.4536,85.4566,08:29:37,India
1690273797,20.4264,86.2819,08:29:57,India
1690273817,21.4186,87.1401,08:30:17,India
1690273838,22.4055,88.0111,08:30:38,India
1690273858,23.3628,88.8741,08:30:58,বাংলাদেশ
1690273879,24.3379,89.7728,08:31:19,বাংলাদেশ
1690273899,25.3068,90.6870,08:31:39,India
1690273919,26.2453,91.5943,08:31:59,India
1690273940,27.2003,92.5411,08:32:20,India
1690273960,28.1474,93.5056,08:32:40,India
1690273981,29.0865,94.4889,08:33:01,India
1690274001,29.9943,95.4671,08:33:21,中国
1690274021,30.9157,96.4900,08:33:41,中国
1690274041,31.8055,97.5087,08:34:01,中国
1690274062,32.7075,98.5751,08:34:22,中国
1690274082,33.5986,99.6649,08:34:42,中国
1690274102,34.4573,100.7519,08:35:02,中国
1690274123,35.3255,101.8910,08:35:23,中国
1690274143,36.1810,103.0565,08:35:43,中国
1690274164,37.0232,104.2496,08:36:04,中国
1690274184,37.8314,105.4410,08:36:24,中国
1690274205,38.6452,106.6913,08:36:45,中国
1690274225,39.4435,107.9721,08:37:05,中国
1690274245,40.2064,109.2518,08:37:25,中国
1690274266,40.9715,110.5955,08:37:46,中国
1690274286,41.7185,111.9723,08:38:06,中国
1690274306,42.4290,113.3485,08:38:26,中国
1690274327,43.1375,114.7932,08:38:47,中国
1690274347,43.8251,116.2734,08:39:07,中国
1690274368,44.4908,117.7894,08:39:28,中国
1690274388,45.1337,119.3420,08:39:48,中国
1690274408,45.7377,120.8920,08:40:08,中国
1690274429,46.3321,122.5171,08:40:29,中国
1690274449,46.8869,124.1381,08:40:49,中国
1690274469,47.4287,125.8359,08:41:09,中国
1690274490,47.9423,127.5697,08:41:30,中国
1690274511,48.4265,129.3391,08:41:51,中国
1690274531,48.8803,131.1430,08:42:11,Россия
1690274552,49.3026,132.9803,08:42:32,Россия
1690274572,49.6924,134.8494,08:42:52,Россия
1690274593,50.0488,136.7490,08:43:13,Россия
1690274613,50.3708,138.6770,08:43:33,Россия
1690274634,50.6575,140.6309,08:43:54,Россия
1690274654,50.9025,142.5597,08:44:14,Россия
1690274674,51.1173,144.5572,08:44:34,ocean
1690274695,51.2947,146.5724,08:44:55,ocean
1690274715,51.4312,148.5527,08:45:15,ocean
1690274735,51.5333,150.5938,08:45:35,ocean
1690274756,51.5968,152.6423,08:45:56,ocean
1690274776,51.6213,154.6450,08:46:16,ocean
1690274796,51.6079,156.6985,08:46:36,Россия
1690274816,51.5574,158.6988,08:46:56,ocean
1690274837,51.4674,160.7428,08:47:17,ocean
1690274858,51.3390,162.7762,08:47:38,ocean
1690274878,51.1725,164.7961,08:47:58,ocean
1690274898,50.9739,166.7505,08:48:18,ocean
1690274919,50.7339,168.7340,08:48:39,ocean
1690274939,50.4647,170.6475,08:48:59,ocean
1690274959,50.1536,172.5841,08:49:19,ocean
1690274979,49.8168,174.4465,08:49:39,ocean
1690275000,49.4382,176.3262,08:50:00,ocean
1690275020,49.0267,178.1745,08:50:20,ocean
1690275040,48.5947,179.9459,08:50:40,ocean
1690275061,48.1214,-178.2721,08:51:01,ocean
1690275081,47.6310,-176.5677,08:51:21,ocean
1690275101,47.1000,-174.8560,08:51:41,ocean
1690275122,46.5414,-173.1807,08:52:02,ocean
1690275142,45.9709,-171.5816,08:52:22,ocean
1690275162,45.3610,-169.9789,08:52:42,ocean
1690275183,44.7424,-168.4507,08:53:03,ocean
1690275203,44.0854,-166.9204,08:53:23,ocean
1690275224,43.4061,-165.4265,08:53:44,ocean
1690275244,42.7229,-164.0032,08:54:04,ocean
1690275264,42.0025,-162.5790,08:54:24,ocean
1690275284,41.2810,-161.2225,08:54:44,ocean
1690275305,40.5233,-159.8653,08:55:05,ocean
1690275325,39.7671,-158.5727,08:55:25,ocean
1690275345,38.9756,-157.2793,08:55:45,ocean
1690275365,38.1880,-156.0471,08:56:05,ocean
1690275386,37.3659,-154.8136,08:56:26,ocean
1690275406,36.5499,-153.6379,08:56:46,ocean
1690275426,35.7000,-152.4605,08:57:06,ocean
1690275447,34.8373,-151.3100,08:57:27,ocean
1690275467,33.9838,-150.2125,08:57:47,ocean
1690275487,33.0974,-149.1121,08:58:07,ocean
1690275507,32.2220,-148.0615,08:58:27,ocean
1690275528,31.3145,-147.0074,08:58:48,ocean
1690275548,30.4196,-146.0001,08:59:08,ocean
1690275569,29.4932,-144.9884,08:59:29,ocean
1690275589,28.5578,-143.9966,08:59:49,ocean
1690275610,27.6141,-143.0240,09:00:10,ocean
1690275630,26.6624,-142.0695,09:00:30,ocean
1690275650,25.7269,-141.1551,09:00:50,ocean
1690275671,24.7610,-140.2340,09:01:11,ocean
1690275692,23.7647,-139.3067,09:01:32,ocean
1690275712,22.8095,-138.4378,09:01:52,ocean
1690275732,21.8250,-137.5613,09:02:12,ocean
1690275753,20.8107,-136.6770,09:02:33,ocean
1690275773,19.8397,-135.8471,09:02:53,ocean
1690275794,18.8397,-135.0080,09:03:14,ocean
1690275814,17.8599,-134.2000,09:03:34,ocean
1690275834,16.8514,-133.3820,09:03:54,ocean
1690275855,15.8636,-132.5932,09:04:15,ocean
1690275875,14.8478,-131.7937,09:04:35,ocean
1690275896,13.8285,-131.0025,09:04:56,ocean
1690275916,12.8312,-130.2380,09:05:16,ocean
1690275936,11.8062,-129.4614,09:05:36,ocean
1690275956,10.8038,-128.7100,09:05:56,ocean
1690275977,9.7739,-127.9456,09:06:17,ocean
1690275997,8.7672,-127.2050,09:06:37,ocean
1690276017,7.7336,-126.4505,09:06:57,ocean
1690276038,6.6983,-125.7002,09:07:18,ocean
1690276058,5.6869,-124.9715,09:07:38,ocean
1690276078,4.6492,-124.2277,09:07:58,ocean
1690276099,3.6104,-123.4864,09:08:19,ocean
1690276119,2.5964,-122.7650,09:08:39,ocean
1690276139,1.5564,-122.0269,09:08:59,ocean
1690276159,0.5416,-121.3076,09:09:19,ocean
1690276180,-0.4986,-120.5707,09:09:40,ocean
1690276200,-1.5135,-119.8514,09:10:00,ocean
1690276221,-2.5786,-119.0955,09:10:21,ocean
1690276241,-3.5924,-118.3744,09:10:41,ocean
1690276262,-4.6308,-117.6333,09:11:02,ocean
1690276282,-5.6430,-116.9080,09:11:22,ocean
1690276302,-6.6793,-116.1615,09:11:42,ocean
1690276323,-7.7141,-115.4116,09:12:03,ocean
1690276343,-8.7221,-114.6762,09:12:23,ocean
1690276363,-9.7532,-113.9178,09:12:43,ocean
1690276383,-10.7572,-113.1729,09:13:03,ocean
1690276404,-11.7839,-112.4037,09:13:24,ocean
1690276424,-12.8080,-111.6280,09:13:44,ocean
1690276444,-13.8044,-110.8646,09:14:04,ocean
1690276465,-14.8227,-110.0744,09:14:25,ocean
1690276485,-15.8375,-109.2762,09:14:45,ocean
1690276505,-16.8241,-108.4887,09:15:05,ocean
1690276526,-17.8313,-107.6723,09:15:26,ocean
1690276547,-18.8343,-106.8456,09:15:47,ocean
1690276567,-19.8085,-106.0286,09:16:07,ocean
1690276587,-20.8022,-105.1796,09:16:27,ocean
1690276607,-21.7667,-104.3395,09:16:47,ocean
1690276628,-22.7498,-103.4655,09:17:08,ocean
1690276648,-23.7033,-102.5994,09:17:28,ocean
1690276668,-24.6744,-101.6973,09:17:48,ocean
1690276688,-25.6155,-100.8023,09:18:08,ocean
1690276709,-26.5733,-99.8689,09:18:29,ocean
1690276729,-27.5236,-98.9184,09:18:49,ocean
1690276749,-28.4431,-97.9737,09:19:09,ocean
1690276770,-29.4000,-96.9625,09:19:30,ocean
1690276790,-30.3029,-95.9801,09:19:50,ocean
1690276811,-31.2192,-94.9527,09:20:11,ocean
1690276831,-32.1255,-93.9036,09:20:31,ocean
1690276852,-33.0216,-92.8319,09:20:52,ocean
1690276873,-33.9067,-91.7366,09:21:13,ocean
1690276893,-34.7801,-90.6168,09:21:33,ocean
1690276914,-35.6414,-89.4713,09:21:54,ocean
1690276934,-36.4693,-88.3282,09:22:14,ocean
1690276954,-37.3045,-87.1292,09:22:34,ocean
1690276974,-38.1057,-85.9318,09:22:54,ocean
1690276995,-38.9121,-84.6753,09:23:15,ocean
1690277015,-39.7026,-83.3884,09:23:35,ocean
1690277035,-40.4579,-82.1026,09:23:55,ocean
1690277056,-41.2149,-80.7526,09:24:16,ocean
1690277076,-41.9358,-79.4036,09:24:36,ocean
1690277096,-42.6557,-77.9874,09:24:56,ocean
1690277116,-43.3387,-76.5722,09:25:16,ocean
1690277137,-44.0179,-75.0869,09:25:37,Chile
1690277157,-44.6593,-73.6032,09:25:57,Chile
1690277177,-45.2940,-72.0467,09:26:17,Chile
1690277198,-45.9046,-70.4537,09:26:38,Argentina
1690277219,-46.4900,-68.8241,09:26:59,Argentina
1690277239,-47.0358,-67.1992,09:27:19,Argentina
1690277259,-47.5683,-65.4981,09:27:39,Argentina
1690277279,-48.0604,-63.8040,09:27:59,ocean
1690277300,-48.5359,-62.0328,09:28:20,ocean
1690277320,-48.9704,-60.2721,09:28:40,ocean
1690277340,-49.3847,-58.4349,09:29:00,ocean
1690277361,-49.7665,-56.5662,09:29:21,ocean
1690277381,-50.1068,-54.7148,09:29:41,ocean
1690277401,-50.4217,-52.7895,09:30:01,ocean
1690277422,-50.7078,-50.7910,09:30:22,ocean
1690277442,-50.9452,-48.8653,09:30:42,ocean
1690277463,-51.1524,-46.8718,09:31:03,ocean
1690277483,-51.3187,-44.9105,09:31:23,ocean
1690277503,-51.4519,-42.8862,09:31:43,ocean
1690277524,-51.5470,-40.8513,09:32:04,ocean
1690277544,-51.6037,-38.8089,09:32:24,ocean
1690277565,-51.6218,-36.8134,09:32:45,ocean
1690277585,-51.6021,-34.7680,09:33:05,ocean
1690277605,-51.5458,-32.7762,09:33:25,ocean
1690277626,-51.4502,-30.7415,09:33:46,ocean
1690277646,-51.3164,-28.7175,09:34:06,ocean
1690277666,-51.1496,-26.7562,09:34:26,ocean
1690277687,-50.9418,-24.7629,09:34:47,ocean
1690277707,-50.7039,-22.8377,09:35:07,ocean
1690277727,-50.4245,-20.8869,09:35:27,ocean
1690277747,-50.1180,-19.0079,09:35:47,ocean
1690277768,-49.7699,-17.1093,09:36:08,ocean
1690277788,-49.3980,-15.2852,09:36:28,ocean
1690277808,-48.9848,-13.4470,09:36:48,ocean
1690277828,-48.5513,-11.6851,09:37:08,ocean
1690277849,-48.0768,-9.9127,09:37:29,ocean
1690277869,-47.5729,-8.1755,09:37:49,ocean
1690277890,-47.0540,-6.5150,09:38:10,ocean
1690277910,-46.4951,-4.8486,09:38:30,ocean
1690277931,-45.9099,-3.2188,09:38:51,ocean
1690277951,-45.2996,-1.6255,09:39:11,ocean
1690277972,-44.6651,-0.0686,09:39:32,ocean
1690277992,-44.0076,1.4520,09:39:52,ocean
1690278013,-43.3280,2.9369,09:40:13,ocean
1690278033,-42.6273,4.3866,09:40:33,ocean
1690278054,-41.9065,5.8015,09:40:54,ocean
1690278074,-41.1848,7.1495,09:41:14,ocean
1690278094,-40.4270,8.4982,09:41:34,ocean
1690278114,-39.6711,9.7828,09:41:54,ocean
1690278135,-38.8799,11.0685,09:42:15,ocean
1690278155,-38.0928,12.2935,09:42:35,ocean
1690278175,-37.2712,13.5198,09:42:55,ocean
1690278195,-36.4560,14.6889,09:43:15,ocean
1690278216,-35.6070,15.8599,09:43:36,ocean
1690278237,-34.7452,17.0042,09:43:57,ocean
1690278257,-33.8927,18.0961,09:44:17,South Africa
1690278277,-33.0075,19.1910,09:44:37,South Africa
1690278297,-32.1334,20.2363,09:44:57,South Africa
1690278318,-31.2270,21.2856,09:45:18,South Africa
1690278338,-30.3108,22.3133,09:45:38,South Africa
1690278358,-29.4079,23.2959,09:45:58,South Africa
1690278379,-28.4739,24.2835,09:46:19,South Africa
1690278399,-27.5314,25.2523,09:46:39,South Africa
1690278419,-26.6045,26.1800,09:46:59,South Africa
1690278440,-25.6468,27.1141,09:47:20,South Africa
1690278460,-24.6823,28.0318,09:47:40,South Africa
1690278480,-23.7349,28.9123,09:48:00,South Africa
1690278501,-22.7577,29.8003,09:48:21,South Africa
1690278521,-21.7985,30.6534,09:48:41,Zimbabwe
1690278541,-20.8100,31.5148,09:49:01,Zimbabwe
1690278562,-19.8163,32.3638,09:49:22,Zimbabwe
1690278582,-18.8422,33.1809,09:49:42,Moçambique
1690278603,-17.8392,34.0077,09:50:03,Moçambique
1690278623,-16.8566,34.8045,09:50:23,Moçambique
1690278643,-15.8455,35.6117,09:50:43,Malawi
1690278664,-14.8308,36.4100,09:51:04,Moçambique
1690278684,-13.8375,37.1810,09:51:24,Moçambique
1690278704,-12.8162,37.9637,09:51:44,Moçambique
1690278725,-11.7920,38.7394,09:52:05,Moçambique
1690278745,-10.7903,39.4901,09:52:25,Tanzania
1690278765,-9.7613,40.2537,09:52:45,ocean
1690278785,-8.7552,40.9938,09:53:05,ocean
1690278806,-7.7222,41.7477,09:53:26,ocean
1690278826,-6.7127,42.4793,09:53:46,ocean
1690278846,-5.6764,43.2258,09:54:06,ocean
1690278866,-4.6643,43.9513,09:54:26,ocean
1690278887,-3.6258,44.6925,09:54:47,ocean
1690278908,-2.5866,45.4318,09:55:08,ocean
1690278928,-1.5722,46.1517,09:55:28,ocean
1690278948,-0.5321,46.8889,09:55:48,ocean
1690278968,0.4828,47.6078,09:56:08,ocean
1690278989,1.5230,48.3451,09:56:29,ocean
1690279009,2.5376,49.0652,09:56:49,ocean
1690279029,3.5772,49.8046,09:57:09,ocean
1690279050,4.6159,50.5459,09:57:30,ocean
1690279070,5.6538,51.2897,09:57:50,ocean
1690279090,6.6652,52.0182,09:58:10,ocean
1690279111,7.7257,52.7867,09:58:31,ocean
1690279131,8.7343,53.5228,09:58:51,ocean
1690279152,9.7663,54.2820,09:59:12,ocean
1690279173,10.8213,55.0651,09:59:33,ocean
1690279193,11.8238,55.8166,09:59:53,ocean
1690279213,12.8489,56.5935,10:00:13,ocean
